GRAND_ID,volume,level
5822,ODSS_46616_WSLAHD.1,ODSS_46616_WSLAHD.1
5823,ODSS_21168_WSLAHD.1,ODSS_21168_WSLAHD.1
5824,ODSS_21167_WSLAHD.1,ODSS_21167_WSLAHD.1
5825,ODSS_21166_WSLAHD.1,ODSS_21166_WSLAHD.1
5826,ODSS_21140_WSLAHD.1,ODSS_21140_WSLAHD.1
5827,ODSS_21139_WSLAHD.1,ODSS_21139_WSLAHD.1
5828,ODSS_21137_WSLAHD.1,ODSS_21137_WSLAHD.1
5829,ODSS_46394_WSLAHD.1,
5830,ODSS_18317_WSLAHD.1,ODSS_18317_WSLAHD.1
5831,ODSS_45532_WSLAHD.1,ODSS_45532_WSLAHD.1
5833,ODSS_18320_WSLAHD.1,ODSS_18320_WSLAHD.1
6201,ODSS_18337_WSLAHD.1,ODSS_18337_WSLAHD.1
6583,9573,9573
6585,913015B,913015B
6606,A4261093,A4260553
6610,SAWSPARRS.1,SAWSPARRS.1
6611,SQWLPRS.1,A5040528.1
6612,SAWKACKRS.1,SAWKACKRS.1
6615,SAWMTBORS.1,SAWMTBORS.1
6617,SAWMYPRS.1,SAWMYPRS.1
6628,401027,401027
6637,sp-o10298,sp-o10298
6702,130314B,130314B
6712,422358B,422358B
6739,D3,M309
6742,D13,M316
6744,,
6745,212243,212243
6746,213210,213210
6747,,
6748,212205,212205
6749,212220,212220
6750,212211,212211
6751,,
6752,,
6885,136024A,136024A
